<?xml version="1.0" encoding="UTF-8" standalone="no"?>
<window xmlns="http://schemas.haulmont.com/cuba/window.xsd" xmlns:chart="http://schemas.haulmont.com/charts/charts.xsd"
        caption="msg://editCaption"
        class="com.company.sample.web.screens.territory.TerritoryEdit"
        datasource="territoryDs"
        focusComponent="fieldGroup"
        messagesPack="com.company.sample.web.screens.territory">
    <dsContext>
        <datasource id="territoryDs"
                    class="com.company.sample.entity.Territory"
                    view="territory-view"/>
    </dsContext>
    <dialogMode height="600"
                width="800"/>
    <layout expand="windowActions"
            spacing="true">
        <hbox spacing="true">
            <vbox spacing="true">
                <fieldGroup id="fieldGroup"
                            datasource="territoryDs">
                    <column width="250px">
                        <field id="name"/>
                    </column>
                </fieldGroup>
                <button id="removePolygonButton" align="MIDDLE_RIGHT"
                        enable="false" invoke="removePolygon" caption="msg://removePolygon"/>
            </vbox>
            <chart:mapViewer id="map" width="500px" height="500px"/>
        </hbox>
        <frame id="windowActions"
               screen="editWindowActions"/>
    </layout>
</window>
