<?xml version="1.0" encoding="UTF-8" standalone="no"?>
<window xmlns="http://schemas.haulmont.com/cuba/window.xsd"
        caption="msg://browseCaption"
        class="com.company.sample.web.screens.order.OrderBrowse"
        focusComponent="ordersTable"
        lookupComponent="ordersTable"
        messagesPack="com.company.sample.web.screens.order">
    <dsContext>
        <collectionDatasource id="ordersDs"
                              class="com.company.sample.entity.Order"
                              view="order-browser-view">
            <query>
                <![CDATA[select e from sample$Order e]]>
            </query>
        </collectionDatasource>
    </dsContext>
    <dialogMode height="600"
                width="800"/>
    <layout expand="ordersTable"
            spacing="true">
        <filter id="filter"
                applyTo="ordersTable"
                datasource="ordersDs">
            <properties include=".*"/>
        </filter>
        <table id="ordersTable"
               width="100%">
            <actions>
                <action id="create"/>
                <action id="edit"/>
                <action id="remove"/>
            </actions>
            <columns>
                <column id="amount"/>
                <column id="date"/>
                <column id="salesperson"/>
            </columns>
            <rows datasource="ordersDs"/>
            <rowsCount/>
            <buttonsPanel id="buttonsPanel"
                          alwaysVisible="true">
                <button id="createBtn"
                        action="ordersTable.create"/>
                <button id="editBtn"
                        action="ordersTable.edit"/>
                <button id="removeBtn"
                        action="ordersTable.remove"/>
            </buttonsPanel>
        </table>
    </layout>
</window>
