<?xml version="1.0" encoding="UTF-8" standalone="no"?>
<window xmlns="http://schemas.haulmont.com/cuba/window.xsd"
        caption="msg://editCaption"
        class="com.company.sample.web.screens.order.OrderEdit"
        datasource="orderDs"
        focusComponent="fieldGroup"
        messagesPack="com.company.sample.web.screens.order">
    <dsContext>
        <datasource id="orderDs"
                    class="com.company.sample.entity.Order"
                    view="order-browser-view"/>
        <collectionDatasource id="salespersonsDs"
                              class="com.company.sample.entity.Salesperson"
                              view="_minimal">
            <query>
                <![CDATA[select e from sample$Salesperson e order by e.name]]>
            </query>
        </collectionDatasource>
    </dsContext>
    <dialogMode height="600"
                width="800"/>
    <layout expand="windowActions"
            spacing="true">
        <fieldGroup id="fieldGroup"
                    datasource="orderDs">
            <column width="250px">
                <field id="amount"/>
                <field id="date"/>
                <field id="salesperson"
                       optionsDatasource="salespersonsDs"/>
            </column>
        </fieldGroup>
        <frame id="windowActions"
               screen="editWindowActions"/>
    </layout>
</window>
