<?xml version="1.0" encoding="UTF-8" standalone="no"?>
<beans xmlns="http://www.springframework.org/schema/beans"
       xmlns:xsi="http://www.w3.org/2001/XMLSchema-instance"
       xsi:schemaLocation="http://www.springframework.org/schema/beans http://www.springframework.org/schema/beans/spring-beans-4.3.xsd         http://www.springframework.org/schema/context http://www.springframework.org/schema/context/spring-context-4.3.xsd"
       xmlns:context="http://www.springframework.org/schema/context">
    <!-- Annotation-based beans -->
    <context:component-scan base-package="com.company.sample"/>
    <bean class="com.haulmont.cuba.web.sys.remoting.WebRemoteProxyBeanCreator">
        <property name="clusterInvocationSupport"
                  ref="cuba_clusterInvocationSupport"/>
        <property name="remoteServices">
            <map>
            </map>
        </property>
    </bean>
</beans>
