<?xml version="1.0" encoding="UTF-8" standalone="no"?>
<window xmlns="http://schemas.haulmont.com/cuba/window.xsd"
        caption="msg://browseCaption"
        class="com.company.sample.web.screens.salesperson.SalespersonBrowse"
        focusComponent="salespersonsTable"
        lookupComponent="salespersonsTable"
        messagesPack="com.company.sample.web.screens.salesperson">
    <dsContext>
        <collectionDatasource id="salespersonsDs"
                              class="com.company.sample.entity.Salesperson"
                              view="salesperson-browser-view">
            <query>
                <![CDATA[select e from sample$Salesperson e]]>
            </query>
        </collectionDatasource>
    </dsContext>
    <dialogMode height="600"
                width="800"/>
    <layout expand="salespersonsTable"
            spacing="true">
        <filter id="filter"
                applyTo="salespersonsTable"
                datasource="salespersonsDs">
            <properties include=".*"/>
        </filter>
        <table id="salespersonsTable"
               width="100%">
            <actions>
                <action id="create"/>
                <action id="edit"/>
                <action id="remove"/>
            </actions>
            <columns>
                <column id="name"/>
                <column id="phone"/>
                <column id="territory"/>
            </columns>
            <rows datasource="salespersonsDs"/>
            <rowsCount/>
            <buttonsPanel id="buttonsPanel"
                          alwaysVisible="true">
                <button id="createBtn"
                        action="salespersonsTable.create"/>
                <button id="editBtn"
                        action="salespersonsTable.edit"/>
                <button id="removeBtn"
                        action="salespersonsTable.remove"/>
            </buttonsPanel>
        </table>
    </layout>
</window>
