<?xml version="1.0" encoding="UTF-8" standalone="no"?>
<window xmlns="http://schemas.haulmont.com/cuba/window.xsd"
        caption="msg://editCaption"
        class="com.company.sample.web.screens.salesperson.SalespersonEdit"
        datasource="salespersonDs"
        focusComponent="fieldGroup"
        messagesPack="com.company.sample.web.screens.salesperson"
        xmlns:chart="http://schemas.haulmont.com/charts/charts.xsd">
    <dsContext>
        <datasource id="salespersonDs"
                    class="com.company.sample.entity.Salesperson"
                    view="salesperson-browser-view"/>
    </dsContext>
    <layout expand="windowActions"
            spacing="true">
        <hbox spacing="true">
            <vbox spacing="true">
                <fieldGroup id="fieldGroup"
                            datasource="salespersonDs">
                    <column width="250px">
                        <field id="name"/>
                        <field id="phone"/>
                        <field id="latitude" caption="msg://latitude" editable="false"/>
                        <field id="longitude" caption="msg://longitude" editable="false"/>
                        <field id="territory"/>
                        <field id="photo"/>
                    </column>
                </fieldGroup>
                <embedded id="personPhoto" width="115px" height="115px" align="MIDDLE_CENTER"/>
                <colorPicker id="colorPicker" caption="msg://polygonColor"/>

            </vbox>

            <chart:mapViewer id="map"
                             height="500px"
                             width="500px"/>


        </hbox>
        <frame id="windowActions"
               screen="editWindowActions"/>
    </layout>
</window>
